Reference, Quantity, Value, Footprint, Datasheet
C1 C2 C3 ,3,"DNM_1uF","Capacitor_SMD:C_0603_1608Metric_Pad1.08x0.95mm_HandSolder","https://www.digikey.com/en/products/detail/samsung-electro-mechanics/CL10B105KA8NNNC/3886842"
C10 C11 ,2,"22uF","Capacitor_SMD:C_0603_1608Metric_Pad1.08x0.95mm_HandSolder","https://www.digikey.com/en/products/detail/murata-electronics/GRM188R60J226MEA0D/4280542?s=N4IgTCBcDaIOICUCyBGAHGhA2ADAKTDCyQFEBBHAERAF0BfIA"
C12 C14 C17 C26 ,4,"12pF","Capacitor_SMD:C_0402_1005Metric_Pad0.74x0.62mm_HandSolder","https://www.digikey.com/en/products/detail/murata-electronics/GRM1555C1H120JA01D/3693831?s=N4IgTCBcDaIOICUCyBGArBgwigEisADAFICCBKAIiALoC%2BQA"
C15 ,1,"1uF","Capacitor_SMD:C_0603_1608Metric_Pad1.08x0.95mm_HandSolder","https://www.digikey.com/en/products/detail/samsung-electro-mechanics/CL10B105KA8NNNC/3886842"
C18 C19 ,2,"1.1pF","Capacitor_SMD:C_0402_1005Metric_Pad0.74x0.62mm_HandSolder","https://www.digikey.com/en/products/detail/murata-electronics/GRM1555C1H1R1BA01D/3693932?s=N4IgTCBcDaIOICUCyBGArBgwigEihKAQgIIAMKAIiALoC%2BQA"
C20 ,1,"1.2pF","Capacitor_SMD:C_0402_1005Metric_Pad0.74x0.62mm_HandSolder","https://www.digikey.com/en/products/detail/murata-electronics/GRM1555C1H1R2BA01D/3693934?s=N4IgTCBcDaIOICUCyBGArBgwigEihYAQgIIAMKAIiALoC%2BQA"
C21 ,1,"1pF","Capacitor_SMD:C_0402_1005Metric_Pad0.74x0.62mm_HandSolder","https://www.digikey.com/en/products/detail/avx-corporation/04025A1R0BAT2A/1116357"
C22 C29 C31 ,3,"100pF","Capacitor_SMD:C_0402_1005Metric_Pad0.74x0.62mm_HandSolder","https://www.digikey.com/en/products/detail/murata-electronics/GRM1555C1H101JA01D/3693829?s=N4IgTCBcDaIOICUCyBGArBgwigEigDCgFICChAIiALoC%2BQA"
C23 C24 ,2,"3pF","Capacitor_SMD:C_0402_1005Metric_Pad0.74x0.62mm_HandSolder","https://www.digikey.com/en/products/detail/murata-electronics/GRM1555C1H3R0CA01D/3175191?s=N4IgTCBcDaIOICUCyBGArBgwigEgZgQAZMBBQlAERAF0BfIA"
C25 C27 ,2,"DNM","Capacitor_SMD:C_0402_1005Metric_Pad0.74x0.62mm_HandSolder","~"
C28 ,1,"3.6pF","Capacitor_SMD:C_0402_1005Metric_Pad0.74x0.62mm_HandSolder","https://www.digikey.com/en/products/detail/murata-electronics/GRM1555C1H3R6CA01D/3693850?s=N4IgTCBcDaIOICUCyBGArBgwigEgZgQDZMBBABhQBEQBdAXyA"
C4 ,1,"DNM_2.2uF","Capacitor_SMD:C_0603_1608Metric_Pad1.08x0.95mm_HandSolder","https://www.digikey.com/en/products/detail/samsung-electro-mechanics/CL10A225KP8NNNC/3886743"
C7 ,1,"2.2uF","Capacitor_SMD:C_0603_1608Metric_Pad1.08x0.95mm_HandSolder","https://www.digikey.com/en/products/detail/samsung-electro-mechanics/CL10A225KP8NNNC/3886743"
C5 C6 C8 C9 C13 C16 ,6,"0.1uF","Capacitor_SMD:C_0603_1608Metric_Pad1.08x0.95mm_HandSolder","https://www.digikey.com/en/products/detail/w%C3%BCrth-elektronik/885012206071/5453844"
D1 D2 D3 D4 D5 ,5,"Blue","LED_SMD:LED_0603_1608Metric_Pad1.05x0.95mm_HandSolder","https://www.digikey.com/en/products/detail/osram-opto-semiconductors-inc/LB-Q39E-N1OO-35-1/2176321"
D6 ,1,"Green","LED_SMD:LED_0603_1608Metric_Pad1.05x0.95mm_HandSolder","https://www.digikey.com/en/products/detail/lumex-opto-components-inc/SML-LXFM0603SUGCTR/7364547?s=N4IgjCBcpgbFoDGUBmBDANgZwKYBoQB7KAbRAGYBOAJgBZ4BdAgBwBcoQBlVgJwEsAdgHMQAXwKxKCEMkjps%2BIqRC0ADJSrkQTEGw7d%2BwsQQCs1E9NnzcBYpDLkTYMCYAc2lu0hdegkePBKVyloGVRMGyV7EFUPXS8fQ38CAFpqSyheAFdFOzILBlEioA"
J1 ,1,"Conn_ARM_JTAG_SWD_10","zigbeeCape:Conn_ARM_JTAG_SWD_10","http://infocenter.arm.com/help/topic/com.arm.doc.ddi0314h/DDI0314H_coresight_components_trm.pdf"
L1 ,1,"6.8uH","Inductor_SMD:L_0805_2012Metric_Pad1.15x1.40mm_HandSolder","https://www.digikey.com/en/products/detail/taiyo-yuden/CB2012T6R8M/2230244"
L12 ,1,"9.1nH","Inductor_SMD:L_0402_1005Metric_Pad0.77x0.64mm_HandSolder","https://www.digikey.com/en/products/detail/murata-electronics/LQG15HS9N1J02D/2594223?s=N4IgTCBcDaIDIEUDiBGArACQMoE4ByKAUgAxgAiIAugL5A"
L2 ,1,"15nH","Inductor_SMD:L_0402_1005Metric_Pad0.77x0.64mm_HandSolder","https://www.digikey.com/en/products/detail/murata-electronics/LQG15HS15NJ02D/662874?s=N4IgTCBcDaIDIEUDiBGArACQMroHICkAGMAERAF0BfIA"
L3 L4 ,2,"2.4nH","Inductor_SMD:L_0402_1005Metric_Pad0.77x0.64mm_HandSolder","https://www.digikey.com/en/products/detail/murata-electronics/LQG15HS2N4S02D/2594219?s=N4IgTCBcDaIDIEUDiBGArACQMpgHIBYsAGMAERAF0BfIA"
L5 L6 ,2,"3.9nH","Inductor_SMD:L_0402_1005Metric_Pad0.77x0.64mm_HandSolder","https://www.digikey.com/en/products/detail/murata-electronics/LQG15HS3N9S02D/662866?s=N4IgTCBcDaIDIEUDiBGArACQMoGYByAnFgAxgAiIAugL5A"
L7 L10 ,2,"2nH","Inductor_SMD:L_0402_1005Metric_Pad0.77x0.64mm_HandSolder","https://www.digikey.com/en/products/detail/murata-electronics/LQG15HS2N0S02D/1795312?s=N4IgTCBcDaIDIEUDiBGArACQMpgHIAYt8wAREAXQF8g"
L8 ,1,"22nH","Inductor_SMD:L_0402_1005Metric_Pad0.77x0.64mm_HandSolder","https://www.digikey.com/en/products/detail/murata-electronics/LQG15HS22NJ02D/662876?s=N4IgTCBcDaIDIEUDiBGArACQMpjAOQCkAGMAERAF0BfIA"
L9 L11 ,2,"10nH","Inductor_SMD:L_0402_1005Metric_Pad0.77x0.64mm_HandSolder","https://www.digikey.com/en/products/detail/murata-electronics/LQG15HS10NJ02D/662872?s=N4IgTCBcDaIDIEUDiBGArACQMooAwDkApXMAERAF0BfIA"
R17 R19 ,2,"4.7k","Resistor_SMD:R_0603_1608Metric_Pad0.98x0.95mm_HandSolder","https://www.digikey.com/en/products/detail/stackpole-electronics-inc/RMCF0603FT4K70/1760998"
R2 R4 R5 R7 ,4,"10K","Resistor_SMD:R_0603_1608Metric_Pad0.98x0.95mm_HandSolder","https://www.digikey.com/en/products/detail/yageo/RT0603FRE1310KL/13694209"
R1 R3 ,2,"DNM_10k","Resistor_SMD:R_0603_1608Metric_Pad0.98x0.95mm_HandSolder","https://www.digikey.com/en/products/detail/yageo/RT0603FRE1310KL/13694209"
R6 R8 R9 R10 R11 R12 ,6,"1k","Resistor_SMD:R_0603_1608Metric_Pad0.98x0.95mm_HandSolder","https://www.digikey.com/en/products/detail/stackpole-electronics-inc/RMCF0603FT1K00/1761077"
SW1 SW2 SW3 SW4 SW5 ,5,"SW_MEC_5E","zigbeeCape:SMD_PUSH_BUTTON","http://www.apem.com/int/index.php?controller=attachment&id_attachment=1371"
U1 ,1,"CC1352R","zigbeeCape:CC1352R","https://www.digikey.com/en/products/detail/CC1352P1F3RGZT/296-53598-1-ND/10273328"
U2 ,1,"0.8Ghz_and_2.4GHz_Filter","zigbeeCape:DPX252690DT-5032B1","https://www.digikey.com/en/products/detail/tdk-corporation/DPX252690DT-5032B1/5819342"
U3 ,1,"SMA_Antenna","Connector_Coaxial:SMA_Amphenol_132134-16_Vertical","https://www.digikey.com/en/products/detail/amphenol-rf/132134/1011907"
U4 ,1,"BeagleBone_P8","Connector_PinHeader_2.54mm:PinHeader_2x23_P2.54mm_Vertical","https://www.digikey.com/en/products/detail/sullins-connector-solutions/PPTC102LFBN-RC/810216"
U5 ,1,"BeagleBone_P9","Connector_PinHeader_2.54mm:PinHeader_2x23_P2.54mm_Vertical","https://www.digikey.com/en/products/detail/sullins-connector-solutions/PPTC102LFBN-RC/810216"
Y1 ,1,"32.768kHz","zigbeeCape:FC-135_Crystal_Unit","https://www.digikey.com/en/products/detail/micro-crystal-ag/CC5V-T1A-32-768KHZ-7PF-20PPM-TA-QC/10499236"
Y2 ,1,"48MHz","zigbeeCape:SXT32418FD16-48MHZ_Crystal","https://www.digikey.com/en/products/detail/abracon-llc/ABM12W-48-0000MHZ-7-D1X-T3/7172767?s=N4IgjCBcpgbFoDGUBmBDANgZwKYBoQB7KAbRACZyAOAZgBZyQBdAgBwBcoQBldgJwCWAOwDmIAL4EaAVgQhkkdNnxFSFKmDABOOszadIPfsLGSK0mnIVLcBYpDLa6ABj0gOXXoNESCFgOxWqJi2qg7gNFpUbh6GXia%2BFM5UjNDywcp2atLOAAQA8gAWALZYMQYgAKpCAuz5KACyOGhYAK58OInkYDlBiiEq9mR0VLkNABIAXuVc1bX1TS3tnWYAtKlIUPytg9nM4mapZIh8AJ5Y7Jj7QA"